G,D,GP,gradient_norm
0.3244495689868927,8.488809585571289,8.488598823547363,0.07876487076282501
0.26052629947662354,7.970457077026367,7.977433204650879,0.10775330662727356
0.2710193991661072,7.700423240661621,7.706013202667236,0.12489183247089386
0.21744132041931152,8.007864952087402,8.009574890136719,0.10620629787445068
0.2374749332666397,6.597800254821777,6.600279808044434,0.19516101479530334
0.21198724210262299,7.065746307373047,7.0641045570373535,0.15979188680648804
0.20027120411396027,6.234215259552002,6.236056804656982,0.21441695094108582
0.1863761693239212,6.629282474517822,6.638791561126709,0.19622239470481873
0.193824902176857,7.884410381317139,7.893156051635742,0.11329188942909241
0.19830338656902313,5.8355584144592285,5.840121269226074,0.26178619265556335
0.18019743263721466,7.326389789581299,7.332980632781982,0.14557118713855743
0.1839045286178589,5.210798740386963,5.215940475463867,0.28863686323165894
0.1506810039281845,5.201802730560303,5.21121883392334,0.3178771138191223
0.17115426063537598,4.121189117431641,4.1237030029296875,0.3803179860115051
0.17685922980308533,2.801868438720703,2.806687355041504,0.5210687518119812
0.15184737741947174,5.637609004974365,5.642702102661133,0.2518575191497803
0.16034072637557983,5.082705020904541,5.096701622009277,0.28721898794174194
0.15996237099170685,6.081661224365234,6.080008506774902,0.23440515995025635
0.17675431072711945,6.26082181930542,6.270013809204102,0.21506285667419434
0.1812974363565445,4.144674777984619,4.146467685699463,0.4283115863800049
0.1604059338569641,1.3020700216293335,1.303855061531067,0.7513928413391113
0.15726684033870697,4.841084003448486,4.843318462371826,0.31146472692489624
0.13601402938365936,4.157541751861572,4.162109851837158,0.43727388978004456
0.13231226801872253,3.494093179702759,3.5034000873565674,0.4302976429462433
0.19555355608463287,4.0052714347839355,4.00383996963501,0.4072627127170563
0.13543875515460968,4.448538303375244,4.452876091003418,0.3594326674938202
0.14374907314777374,4.160214900970459,4.158166885375977,0.3826718330383301
0.13212747871875763,4.586371421813965,4.592267036437988,0.47711044549942017
0.14905396103858948,3.829786539077759,3.835188388824463,0.4360378086566925
0.16097411513328552,4.189663410186768,4.199485778808594,0.4152146279811859
0.14964261651039124,2.1120355129241943,2.113870859146118,0.6783782243728638
0.17956137657165527,3.4119491577148438,3.4126768112182617,0.47868216037750244
0.13106876611709595,1.365053415298462,1.369936227798462,0.7216783761978149
0.13442707061767578,4.485414981842041,4.494168758392334,0.3324066400527954
0.12566593289375305,4.147640705108643,4.1501898765563965,0.37632209062576294
0.14006547629833221,5.8368000984191895,5.844695568084717,0.23693230748176575
0.12555164098739624,3.496534585952759,3.5017147064208984,0.4191157817840576
0.15242604911327362,2.337864637374878,2.3384692668914795,0.5832834243774414
0.13289180397987366,4.559581279754639,4.573028564453125,0.395405113697052
0.13565599918365479,2.397900342941284,2.4018821716308594,0.541892409324646
0.14357712864875793,3.7212328910827637,3.7156784534454346,0.41196274757385254
0.12371020019054413,3.5391855239868164,3.538745641708374,0.42950311303138733
0.1652591973543167,2.8114566802978516,2.8206565380096436,0.5283132791519165
0.10962829738855362,2.695737361907959,2.6958062648773193,0.6380345821380615
0.13138414919376373,1.9272112846374512,1.9309473037719727,0.5880208015441895
0.11542677134275436,2.731255054473877,2.735905885696411,0.7819826602935791
0.12988899648189545,2.20774507522583,2.2179529666900635,0.5675462484359741
0.15372341871261597,3.610060691833496,3.620220184326172,0.49051377177238464
0.10227678716182709,1.504343032836914,1.5031042098999023,0.6578068733215332
0.12074583768844604,1.6223793029785156,1.6327028274536133,0.6307467818260193
0.10898712277412415,1.8097642660140991,1.8129379749298096,0.6191620826721191
0.16415056586265564,3.3243534564971924,3.3283910751342773,0.6173466444015503
0.11930512636899948,3.457689046859741,3.457308053970337,0.4290817975997925
0.12365353852510452,2.8872811794281006,2.902034282684326,0.509960412979126
0.13175499439239502,1.0715842247009277,1.0733309984207153,0.7746248245239258
0.14820294082164764,1.8609720468521118,1.876800298690796,0.6036233901977539
0.10567502677440643,3.52278208732605,3.5158543586730957,0.5606348514556885
0.0967627614736557,2.304295063018799,2.307011604309082,0.6021085977554321
0.0942295491695404,0.5951245427131653,0.5997918248176575,0.875349223613739
0.16143080592155457,2.0517578125,2.045470952987671,0.6969830393791199
0.08991046249866486,2.0622804164886475,2.0785250663757324,0.6331786513328552
0.12364213913679123,3.2750802040100098,3.2824432849884033,0.4348805546760559
0.11402945965528488,0.9313759207725525,0.9380542039871216,0.7849512100219727
0.0989178940653801,1.251476526260376,1.2622946500778198,0.7928654551506042
0.09434013068675995,1.77403724193573,1.7816001176834106,0.9153620004653931
0.12910060584545135,1.761976957321167,1.7601523399353027,0.6309536099433899
0.1058526486158371,1.6826528310775757,1.6930902004241943,0.6934585571289062
0.09816324710845947,1.4799280166625977,1.4927853345870972,0.6612740159034729
0.12279848754405975,2.1367738246917725,2.146665096282959,0.5510843396186829
0.11400594562292099,3.503457546234131,3.502129077911377,0.4165758788585663
0.1325303316116333,2.007732629776001,2.013533592224121,0.5797576308250427
0.16129565238952637,1.7385728359222412,1.7530503273010254,0.5841517448425293
0.10769244283437729,2.653071403503418,2.672701358795166,0.5189751386642456
0.1074596494436264,1.4793803691864014,1.4883952140808105,1.069659948348999
0.15530607104301453,1.0155012607574463,1.0331308841705322,0.8811562061309814
0.12188106030225754,1.4999074935913086,1.5103548765182495,0.6512384414672852
0.12096402794122696,0.9127557873725891,0.9259510636329651,0.942234992980957
0.09478795528411865,1.1889069080352783,1.1901592016220093,0.7749737501144409
0.0860200971364975,1.3022112846374512,1.3256417512893677,0.7599855661392212
0.1004803255200386,0.6942251324653625,0.7038673162460327,0.8850780725479126
0.116246297955513,1.832430124282837,1.8378832340240479,0.5847791433334351
0.09642945230007172,1.1067390441894531,1.1246337890625,0.7925658226013184
0.12883102893829346,2.407775640487671,2.432011127471924,0.5160765051841736
0.10162638872861862,1.2280511856079102,1.238715648651123,0.6590345501899719
0.10413707792758942,0.8414943218231201,0.8565506935119629,0.7622438669204712
0.14380544424057007,1.0888211727142334,1.1212984323501587,0.8515859842300415
0.12287375330924988,1.8976635932922363,1.9152319431304932,0.6242777109146118
0.1099734753370285,0.5825841426849365,0.5918798446655273,0.9684243202209473
0.10614529252052307,1.2343313694000244,1.2501027584075928,0.6709080338478088
0.13492584228515625,1.7021005153656006,1.7220754623413086,0.6167991757392883
0.10011698305606842,0.7220200300216675,0.7419338822364807,0.7983440160751343
0.09339037537574768,2.2970714569091797,2.31533145904541,0.5618111491203308
0.09825768321752548,0.7138923406600952,0.735671877861023,0.7779428958892822
0.1100526675581932,0.968477725982666,0.9763147830963135,0.6925223469734192
0.0921255350112915,0.848950982093811,0.8619164228439331,1.2397444248199463
0.12690646946430206,0.7793854475021362,0.7944649457931519,0.7510440349578857
0.10277196764945984,1.71543550491333,1.7246417999267578,0.6134282350540161
0.07786513864994049,0.8955203294754028,0.9197267889976501,0.8904004096984863
0.10432437807321548,1.2669715881347656,1.2670081853866577,0.6702454090118408
0.11358144879341125,0.22078126668930054,0.24260875582695007,0.9124562740325928
0.09998150169849396,0.7258439660072327,0.7363823056221008,0.8710985779762268
0.10297054797410965,1.0646723508834839,1.068030834197998,0.7204264402389526
0.11082622408866882,0.3163159489631653,0.33390146493911743,1.0201305150985718
0.11002916097640991,0.9617672562599182,0.9592226147651672,0.7385007739067078
0.11086079478263855,0.7728363275527954,0.770608127117157,1.063378095626831
0.09524741768836975,0.2460867464542389,0.2632054090499878,0.9043339490890503
0.14130331575870514,0.2561904489994049,0.2596108317375183,0.9579891562461853
0.09370597451925278,0.5522003769874573,0.5649016499519348,0.876323938369751
0.08478892594575882,0.9823728203773499,0.9725902080535889,0.8707167506217957
0.09278500080108643,0.6950997114181519,0.6988518238067627,0.7935844659805298
0.10845164209604263,0.5563430190086365,0.5655235052108765,0.7862451672554016
0.16717056930065155,1.0509268045425415,1.044927716255188,1.1878037452697754
0.13546916842460632,3.483564853668213,3.49774169921875,0.7397932410240173
0.107860267162323,1.0763455629348755,1.0742778778076172,0.7003148794174194
0.14598402380943298,1.6235584020614624,1.636637568473816,0.6108537316322327
0.09709873050451279,0.5827629566192627,0.5946745276451111,0.7838431000709534
0.08914345502853394,0.3246346116065979,0.3328411281108856,0.8627200126647949
0.12057600915431976,0.7779081463813782,0.7668304443359375,0.7787469625473022
0.10406293720006943,0.797606348991394,0.8053258061408997,0.8923216462135315
0.16194479167461395,1.9046741724014282,1.9088315963745117,0.5846902132034302
0.09765021502971649,0.695650577545166,0.7027330994606018,1.0405004024505615
0.10495952516794205,0.37894293665885925,0.38879871368408203,1.0220282077789307
0.11121922731399536,1.4256680011749268,1.4253201484680176,0.6411131620407104
0.1139010488986969,1.0568541288375854,1.0653339624404907,0.7025557160377502
0.11094267666339874,1.326095700263977,1.3274264335632324,0.9609569907188416
0.10654953867197037,0.1330493539571762,0.14994046092033386,0.8935633897781372
0.10281196236610413,1.6230077743530273,1.6256378889083862,0.6040338277816772
0.1093713790178299,0.821568489074707,0.8295552730560303,0.9649509787559509
0.09673301130533218,0.06953667104244232,0.0843203216791153,0.9225142002105713
0.12376431375741959,0.2867538332939148,0.2971187233924866,1.0329729318618774
0.08433911204338074,0.8336292505264282,0.8443284034729004,0.7865769863128662
0.1106402575969696,1.8151698112487793,1.8321703672409058,0.5840899348258972
0.08114020526409149,0.4900796711444855,0.5127667188644409,1.051801323890686
0.14147476851940155,0.6941205263137817,0.7189100384712219,0.7358385324478149
0.11770239472389221,0.3120657503604889,0.3155304491519928,0.9599622488021851
0.09572882950305939,0.18967397511005402,0.1945933848619461,1.0634565353393555
0.08129903674125671,1.110079288482666,1.1083571910858154,0.9601281881332397
0.10656870156526566,0.6135597229003906,0.6098326444625854,1.0193283557891846
0.1009804755449295,1.9010189771652222,1.90165376663208,1.0954325199127197
0.10725490003824234,0.18630897998809814,0.19147342443466187,0.8696551322937012
0.1234215795993805,0.4950467348098755,0.4930014908313751,1.1478503942489624
0.10202173888683319,1.3388320207595825,1.3516201972961426,1.0110807418823242
0.10502082109451294,0.9431658387184143,0.936211347579956,0.702958881855011
0.08125189691781998,0.41724860668182373,0.42520707845687866,1.0504870414733887
0.08756682276725769,1.6501084566116333,1.633939504623413,1.2228176593780518
0.07536521553993225,0.6959888935089111,0.6905685663223267,1.0250637531280518
0.12001995742321014,0.8897194266319275,0.8936560153961182,0.7979046106338501
0.0812184065580368,1.1038225889205933,1.0852880477905273,0.9685035347938538
0.09508826583623886,0.2667396664619446,0.2637038826942444,0.8628177642822266
0.15571284294128418,0.3206639289855957,0.30930641293525696,1.0332348346710205
0.09708061814308167,1.1885205507278442,1.1667134761810303,0.7450248003005981
0.07560115307569504,0.13755981624126434,0.10554340481758118,0.9456973075866699
0.09909313172101974,0.7079234719276428,0.6947653293609619,0.7935091853141785
0.1120404377579689,0.3068520724773407,0.29572492837905884,1.1025536060333252
0.08577638864517212,0.21423867344856262,0.17209425568580627,0.9391749501228333
0.09827686846256256,0.9081237316131592,0.8867946267127991,0.7035499811172485
0.07829152792692184,0.5184334516525269,0.48377370834350586,0.8527733087539673
0.12914420664310455,0.28573548793792725,0.24170845746994019,0.8697556853294373
0.09121797978878021,0.9287412166595459,0.8949470520019531,0.7232323884963989
0.10376047343015671,0.36800050735473633,0.37755465507507324,0.9745455384254456
0.07849742472171783,0.7726925611495972,0.7649130821228027,0.7278013229370117
0.08724517375230789,0.5167040228843689,0.5062570571899414,0.7837303876876831
0.07223084568977356,0.2998288571834564,0.2820829153060913,1.036332607269287
0.11864335834980011,0.6010799407958984,0.6213499307632446,0.7963888645172119
0.11347979307174683,0.5192151069641113,0.5105829834938049,0.8357111215591431
0.10109708458185196,1.3883174657821655,1.3839870691299438,1.0533325672149658
0.09463833272457123,0.6454277634620667,0.6495093107223511,0.774206280708313
0.10864834487438202,0.3881310224533081,0.3568604290485382,0.8478342294692993
0.07780348509550095,0.12307287007570267,0.09124059975147247,1.0116417407989502
0.0986037477850914,0.29902350902557373,0.26357898116111755,0.9052797555923462
0.07521048933267593,0.537392795085907,0.5026425123214722,0.8339647054672241
0.10031366348266602,0.3920530378818512,0.376280814409256,0.8426405787467957
0.09643577039241791,0.8016610145568848,0.7816187143325806,0.9197655916213989
0.15406879782676697,0.7785484790802002,0.7509814500808716,0.8650882244110107
0.10216399282217026,0.7462246417999268,0.7448022365570068,0.8089252710342407
0.1298835426568985,0.8475916981697083,0.8316349387168884,0.9540399312973022
0.1298132985830307,0.27398937940597534,0.22410085797309875,0.8835023045539856
0.09183838963508606,1.2257254123687744,1.1999250650405884,0.6764150261878967
0.10318754613399506,0.6937042474746704,0.6473890542984009,0.7540706396102905
0.07473909854888916,0.4891660511493683,0.46170955896377563,1.0493032932281494
0.10745999962091446,0.6276406645774841,0.6197571158409119,0.8900798559188843
0.1108337864279747,0.5665066838264465,0.5914083123207092,0.9741032123565674
0.10138384997844696,0.8640719056129456,0.8478398323059082,0.8746191263198853
0.13132008910179138,0.6951107978820801,0.7278218865394592,1.0790693759918213
0.07420231401920319,0.3985183835029602,0.424205482006073,1.0396840572357178
0.08189308643341064,0.7488942742347717,0.7560669183731079,1.161561131477356
0.1009548082947731,0.02057374268770218,0.04107000678777695,1.0128703117370605
0.09459276497364044,0.3891552984714508,0.4081282615661621,0.8216814994812012
0.07707935571670532,0.10298032313585281,0.08844064176082611,0.9733421206474304
0.11747562885284424,0.11769606918096542,0.14317604899406433,0.9280685186386108
0.08826915919780731,0.21403923630714417,0.20408861339092255,1.004211664199829
0.07669168710708618,0.23942647874355316,0.21667197346687317,0.87675940990448
0.09615526348352432,0.536998987197876,0.5215110778808594,0.8631747364997864
0.09265945851802826,0.5121616721153259,0.5135334134101868,0.9272879362106323
0.07610910385847092,0.5294229984283447,0.5040642619132996,0.8112794756889343
0.08959287405014038,0.3935270309448242,0.38007694482803345,0.8902594447135925
0.08940044790506363,0.15373511612415314,0.13804349303245544,0.9431767463684082
0.16040271520614624,0.7992250323295593,0.7886075973510742,0.8771199584007263
0.0763564184308052,0.4991396367549896,0.4661131203174591,0.8219649791717529
0.08001650869846344,0.22743681073188782,0.2156965136528015,0.9068856835365295
0.10578848421573639,0.17595097422599792,0.1676083207130432,1.0990617275238037
0.13384175300598145,1.2099231481552124,1.2275093793869019,1.0078152418136597
0.08126117289066315,0.5668449997901917,0.5601018071174622,0.8839839696884155
0.09519191086292267,0.18447567522525787,0.17318040132522583,0.9303432703018188
0.09164895117282867,1.1111630201339722,1.1029783487319946,1.1689453125
0.09286664426326752,0.677013635635376,0.6727791428565979,0.7718299627304077
0.08911961317062378,0.9614672064781189,0.9510716795921326,0.8119255304336548
0.11507081985473633,0.29381924867630005,0.3159290850162506,1.0088356733322144
0.09484198689460754,0.6539248824119568,0.6489238142967224,0.7794456481933594
0.1082204282283783,0.5204187035560608,0.5132536888122559,0.8312681913375854
0.09569478034973145,0.4225621521472931,0.4152798056602478,0.8201519846916199
0.08996700495481491,0.24552692472934723,0.230084627866745,1.0858581066131592
0.09509279578924179,0.45333558320999146,0.4122615158557892,0.8478882312774658
0.07974161952733994,0.21588857471942902,0.171381413936615,0.8991439938545227
0.10895868390798569,0.52510666847229,0.4984568953514099,0.9449551105499268
0.06318077445030212,0.4355751872062683,0.40404629707336426,0.8710916042327881
0.07725811004638672,0.40924084186553955,0.3851868510246277,0.815601110458374
0.0806235671043396,0.489116907119751,0.46211719512939453,0.8216843605041504
0.10069505125284195,0.28464174270629883,0.2700238823890686,0.9252930879592896
0.06361307203769684,0.4463713765144348,0.3896622359752655,1.081723928451538
0.10751807689666748,0.345111221075058,0.32226234674453735,0.8880668878555298
0.09242807328701019,0.48887452483177185,0.4717480540275574,0.8240213990211487
0.0814426988363266,0.4480177164077759,0.4226800203323364,0.8260378837585449
0.08046582341194153,0.18775592744350433,0.167873352766037,0.929132342338562
0.0813160240650177,2.2622108459472656,2.2440991401672363,1.1454157829284668
0.07347773760557175,0.1520569920539856,0.1279313862323761,0.9241180419921875
0.13447172939777374,0.7717759013175964,0.7595711350440979,0.8417917490005493
0.09147784858942032,0.24364887177944183,0.18688121438026428,0.8894638419151306
0.08917330950498581,0.42083773016929626,0.4242006540298462,0.9651085138320923
0.08607649058103561,0.2135675847530365,0.22241385281085968,0.9564005136489868
0.10749837011098862,1.4638503789901733,1.449434757232666,1.1542915105819702
0.07249128073453903,0.7542029023170471,0.7070282697677612,0.8092823624610901
0.08426401764154434,0.19120100140571594,0.19468030333518982,0.904170036315918
0.10219750553369522,0.5096731185913086,0.5013608336448669,0.7966989874839783
0.08426143229007721,0.6345192193984985,0.591016948223114,0.8457467555999756
0.0765218585729599,0.3750188648700714,0.352939635515213,0.9518789649009705
0.06387881934642792,0.44345012307167053,0.41625723242759705,0.8748118877410889
0.07966794073581696,0.33793193101882935,0.26564615964889526,0.85441654920578
0.0758686512708664,0.21210886538028717,0.16820073127746582,0.9182355999946594
0.04397993162274361,1.411238431930542,1.3119310140609741,1.0053293704986572
0.050985634326934814,0.42490220069885254,0.304315984249115,0.949971616268158
0.08432476222515106,0.07448583096265793,0.030422646552324295,0.9456380009651184
0.06354135274887085,0.5526860356330872,0.4723830819129944,1.086830496788025
0.06365475803613663,0.17109405994415283,0.06715528666973114,1.0365530252456665
0.05629328265786171,0.2997036576271057,0.18469583988189697,0.9363287687301636
0.08309342712163925,1.0956408977508545,1.031623363494873,0.7005386352539062
0.03979162126779556,0.3475446403026581,0.22752690315246582,1.0314052104949951
0.05639282241463661,0.8544477224349976,0.8211694955825806,0.7673050761222839
0.059038758277893066,0.3948676586151123,0.30214568972587585,0.900290310382843
0.09721439331769943,0.3950028121471405,0.35345011949539185,0.9189039468765259
0.0594240240752697,0.561505138874054,0.5256630182266235,0.9418876767158508
0.06420774757862091,0.9827520847320557,0.8997632265090942,0.7204540371894836
0.05829427018761635,0.83095383644104,0.7926249504089355,1.0561983585357666
0.09975627064704895,0.518699586391449,0.45006197690963745,0.8878295421600342
0.09009575098752975,0.5759109258651733,0.517181396484375,0.7884472012519836
0.047354936599731445,0.30258870124816895,0.21134734153747559,1.1362351179122925
0.045458901673555374,0.4854702949523926,0.43892335891723633,0.8976728320121765
0.0656842514872551,0.28791069984436035,0.20074380934238434,1.026832938194275
0.07872763276100159,0.6779048442840576,0.6325064897537231,0.8457209467887878
0.10406075417995453,0.2252490520477295,0.18895187973976135,0.9792013168334961
0.05079316720366478,0.47825750708580017,0.4216562509536743,0.8610340356826782
0.05122446268796921,0.6056033372879028,0.5440121293067932,0.786466121673584
0.08883164077997208,0.7151269912719727,0.6048269867897034,0.8460207581520081
0.08151336759328842,0.7907007336616516,0.7193411588668823,0.7467676401138306
0.0604105070233345,0.3968086838722229,0.3292425274848938,0.8986674547195435
0.07014927268028259,1.9520124197006226,1.8213191032409668,0.9089913368225098
0.09285306930541992,0.9511233568191528,0.8333737254142761,0.8731371760368347
0.06494268774986267,0.6312485337257385,0.5380123257637024,0.9204603433609009
0.08946703374385834,0.6374772787094116,0.5266066193580627,0.8720602989196777
0.026202654466032982,0.3959718346595764,0.2630433142185211,0.9884552359580994
0.06441166996955872,0.09378769993782043,0.057634636759757996,0.9306023120880127
0.05942797660827637,0.6691685318946838,0.599279522895813,0.8326104283332825
0.04794653132557869,0.33932504057884216,0.19186466932296753,0.8693329691886902
0.061273038387298584,0.5537662506103516,0.39467647671699524,0.8570671081542969
0.05673592910170555,0.5999708771705627,0.47064051032066345,0.9500480890274048
0.05132843926548958,0.7380285263061523,0.6513398885726929,0.7667014598846436
0.054508402943611145,0.11015155911445618,0.04760202392935753,0.9631608724594116
0.02709646336734295,0.2718164920806885,0.16183897852897644,0.9052442312240601
0.04126123711466789,0.3501034379005432,0.32592490315437317,0.9748139381408691
0.06323172152042389,1.2297712564468384,1.1842617988586426,0.6959303021430969
0.055744901299476624,0.5263017416000366,0.40744808316230774,1.0528407096862793
0.06272760033607483,0.803947925567627,0.7524823546409607,0.9122171401977539
0.0717141330242157,0.43466973304748535,0.3585393726825714,0.8600359559059143
0.03826870769262314,0.2912326753139496,0.18185816705226898,0.9612725973129272
0.07054147869348526,0.35459768772125244,0.19077864289283752,0.9177268743515015
0.05448782444000244,0.7029077410697937,0.6168230772018433,0.9625412821769714
0.033967144787311554,0.3234953284263611,0.22261925041675568,0.9393529295921326
0.03485153242945671,0.47164246439933777,0.3532266914844513,0.8904274106025696
0.08029451221227646,0.21452032029628754,0.11847659945487976,0.9377050399780273
0.04938098415732384,1.1674175262451172,1.0807806253433228,0.7613669633865356
0.06338309496641159,0.34680113196372986,0.29051464796066284,0.9331098794937134
0.03317970037460327,0.1604095995426178,0.058451127260923386,0.9947254657745361
0.05646874010562897,0.5181671380996704,0.479477196931839,0.8466771841049194
0.04958782345056534,0.5315687656402588,0.4492329955101013,0.8504074811935425
0.04029624164104462,0.3241894841194153,0.28466928005218506,0.8707366585731506
0.04567505419254303,0.7123398780822754,0.6408834457397461,0.7674161195755005
0.0345020554959774,0.6936535835266113,0.6012023687362671,1.1313345432281494
0.0693410336971283,0.10370470583438873,0.09504683315753937,0.963975191116333
0.05661822110414505,0.3609358072280884,0.30963873863220215,0.9492458701133728
0.05928613990545273,0.687301754951477,0.6163352727890015,0.7678908109664917
0.04485150799155235,0.10315211862325668,0.06014396995306015,0.9622172117233276
0.06845913827419281,0.42818906903266907,0.4456735849380493,1.1665449142456055
0.042271457612514496,0.5379675030708313,0.4834328591823578,0.8517192006111145
0.0768551453948021,0.7150550484657288,0.6689690947532654,0.8963713645935059
0.03338039666414261,0.7507200241088867,0.6883795261383057,0.7631193995475769
0.02637798897922039,0.4145296514034271,0.30995264649391174,0.8373932838439941
0.03547868877649307,0.8439211845397949,0.7678540945053101,0.7959569692611694
0.044005028903484344,0.17163948714733124,0.09374694526195526,0.9955382347106934
0.0310523621737957,0.36419034004211426,0.28316038846969604,0.8658515214920044
0.04883108288049698,0.3126755952835083,0.25650644302368164,0.8845400810241699
0.032676130533218384,0.2918473780155182,0.21538497507572174,0.8789459466934204
0.05866742506623268,0.20227819681167603,0.16336384415626526,1.0061752796173096
0.08116407692432404,0.1564759463071823,0.13964276015758514,0.9115158319473267
0.11489157378673553,0.2672955393791199,0.1835276484489441,1.046777367591858
0.05716075375676155,0.5779641270637512,0.5129332542419434,0.8121581673622131
0.04886040836572647,0.3250342905521393,0.2826808989048004,0.8974446058273315
0.053637485951185226,0.3561009466648102,0.3240792453289032,0.85969078540802
0.03539110720157623,0.1869906187057495,0.14459896087646484,0.8916692733764648
0.07885609567165375,0.2764163613319397,0.20840810239315033,0.9682332873344421
0.07084397226572037,0.6570991277694702,0.5928288102149963,0.9247312545776367
0.056066881865262985,0.10742117464542389,0.05415744334459305,0.9918987154960632
0.05382199585437775,2.135436534881592,2.090151309967041,1.1277549266815186
0.035388220101594925,0.16396215558052063,0.061249807476997375,0.9424065351486206
0.055331163108348846,0.767149806022644,0.6738240718841553,0.9642311334609985
0.07991133630275726,0.59564208984375,0.5126267075538635,1.1332913637161255
0.05145728215575218,0.679876446723938,0.6247340440750122,0.8167150616645813
0.024081427603960037,0.5308857560157776,0.4624982178211212,1.1036295890808105
0.05849519371986389,0.18101130425930023,0.13254611194133759,0.9434663653373718
0.03589460626244545,0.3437299132347107,0.3428325057029724,1.0723307132720947
0.042664848268032074,0.10973254591226578,0.06781842559576035,0.9221283197402954
0.040685851126909256,0.48932480812072754,0.4017084538936615,1.1138097047805786
0.04943772405385971,0.46767836809158325,0.40644124150276184,0.8183075785636902
0.023741651326417923,0.3681271970272064,0.32867926359176636,0.8451571464538574
0.020846247673034668,0.6218219995498657,0.5673069357872009,0.8929159641265869
0.029607664793729782,0.7222565412521362,0.6662937998771667,0.9165452718734741
0.07431866228580475,0.23838600516319275,0.14316900074481964,0.8909425735473633
0.01760726422071457,0.38215580582618713,0.28236985206604004,0.8438056707382202
0.03307517245411873,0.34889811277389526,0.3246612846851349,0.8899312019348145
0.0397532619535923,0.3081868290901184,0.2459968477487564,0.9264756441116333
0.01865408942103386,0.22721627354621887,0.16202110052108765,0.9896612763404846
0.006448633968830109,0.46871864795684814,0.3746695816516876,0.8601081371307373
0.04946789890527725,0.5808426141738892,0.5474945306777954,1.1903159618377686
0.04657844081521034,0.5031368732452393,0.4643283784389496,0.9141610264778137
0.07828512042760849,0.19275201857089996,0.17890022695064545,0.9151021838188171
0.05281587690114975,0.35920390486717224,0.29527759552001953,0.8490997552871704
0.04788748174905777,0.6438687443733215,0.6115866303443909,0.7988002300262451
0.06016058474779129,0.38700345158576965,0.24801406264305115,0.8748161792755127
0.038618434220552444,0.6160521507263184,0.5032172799110413,0.804524838924408
0.048272132873535156,0.439422607421875,0.3579586446285248,1.0283451080322266
0.026954349130392075,0.1643799990415573,0.11362254619598389,1.0099811553955078
0.06691001355648041,0.3253440856933594,0.3051370680332184,0.875940203666687
0.03860926255583763,0.1576695591211319,0.07574452459812164,0.9793921709060669
0.027586914598941803,0.26918378472328186,0.20435796678066254,0.915164589881897
0.045729860663414,0.2644328773021698,0.23724481463432312,0.9186069965362549
0.09180520474910736,0.35690048336982727,0.3898889422416687,0.8342411518096924
0.025658689439296722,0.2137003391981125,0.19013307988643646,0.9058835506439209
0.052994757890701294,0.44624418020248413,0.41823476552963257,0.7993355393409729
0.0628267452120781,0.4105762839317322,0.3871445655822754,0.8141098022460938
0.042018044739961624,0.7010866403579712,0.622599184513092,0.9284355640411377
0.07276303321123123,0.8081427216529846,0.7882494926452637,0.8811014890670776
0.02693423628807068,0.262663871049881,0.2187647521495819,0.896405816078186
0.0538560226559639,0.12851499021053314,0.09893182665109634,0.9945672750473022
0.04288069158792496,0.563105046749115,0.5497870445251465,0.7780179977416992
0.03822122514247894,0.1818738877773285,0.16272729635238647,0.8934522867202759
0.013670869171619415,0.3468376100063324,0.3045892119407654,0.8449132442474365
0.04421170800924301,0.5856893658638,0.5504656434059143,0.9683631658554077
0.02425443008542061,0.2003074437379837,0.18642112612724304,0.92936110496521
0.01781800016760826,0.4544179439544678,0.4326043128967285,0.9025747179985046
0.03129377216100693,0.1520354300737381,0.11188916862010956,0.8958519697189331
0.03931209817528725,0.46104714274406433,0.45861518383026123,1.1357507705688477
0.043649353086948395,0.32682013511657715,0.30403584241867065,0.9287627935409546
0.03488348796963692,0.899856686592102,0.8828708529472351,0.8321375250816345
0.050363000482320786,0.10418903827667236,0.07476432621479034,1.0115902423858643
0.02976694330573082,0.5100783705711365,0.49268099665641785,0.9171292781829834
0.03387786075472832,0.07968498021364212,0.06348998099565506,0.955406665802002
0.00869223102927208,0.5353858470916748,0.4626144468784332,0.9666454792022705
0.04245792701840401,0.5551561713218689,0.5401840209960938,1.052222728729248
0.03551718592643738,0.2249782383441925,0.21223916113376617,0.9142251014709473
0.032852355390787125,1.1989752054214478,1.1751314401626587,1.0022135972976685
0.04757797345519066,0.56196528673172,0.5050714015960693,0.9135132431983948
0.06318530440330505,1.2193622589111328,1.2198333740234375,1.0768650770187378
0.03161252662539482,0.12957234680652618,0.16642415523529053,0.9491072297096252
0.02639823779463768,0.4319411516189575,0.3980885148048401,0.8271694183349609
0.05170157924294472,0.2883302867412567,0.26670652627944946,1.0354931354522705
0.0603860579431057,0.7968610525131226,0.748070240020752,0.9885841012001038
0.029151592403650284,0.361150324344635,0.3688388466835022,0.933938205242157
0.017886076122522354,0.4087986350059509,0.361879825592041,0.8862473964691162
0.031182244420051575,0.5382825136184692,0.505626916885376,0.7844537496566772
0.03665314242243767,0.6306325197219849,0.5964568853378296,0.8863990902900696
0.010357677936553955,0.2497977316379547,0.22976621985435486,0.8986582159996033
0.016328539699316025,0.29526063799858093,0.233138769865036,1.0253912210464478
0.016863107681274414,0.09887871146202087,0.07097810506820679,0.9735995531082153
0.023890305310487747,0.31857046484947205,0.29241815209388733,0.8490333557128906
0.029477503150701523,0.25764724612236023,0.21581389009952545,1.0858389139175415
0.0605306401848793,0.3377643823623657,0.3315005898475647,0.9009003043174744
0.031845804303884506,0.37903302907943726,0.30582553148269653,1.0547053813934326
0.028957944363355637,0.20519253611564636,0.22839155793190002,0.8868250250816345
0.009358737617731094,0.04369493946433067,0.022104885429143906,1.0137593746185303
0.012835469096899033,0.5876401662826538,0.5738868713378906,1.0182279348373413
0.03700575977563858,0.4008799195289612,0.380759596824646,0.9033241868019104
0.04797302559018135,0.7980248332023621,0.7509626150131226,0.8552569150924683
0.016135357320308685,0.32466915249824524,0.2851546108722687,0.8802614808082581
0.03301342949271202,0.46116000413894653,0.43841633200645447,0.8128564953804016
0.03450460359454155,0.7299162149429321,0.7336016893386841,0.9442625641822815
0.009662110358476639,0.8129762411117554,0.7925209403038025,0.8763907551765442
0.020652178674936295,0.1925848126411438,0.23598995804786682,0.9806155562400818
0.03907735273241997,0.1713929921388626,0.17767637968063354,0.8683751225471497
0.055818408727645874,0.2275654673576355,0.259700208902359,1.046445608139038
0.05781017616391182,0.3874644637107849,0.40776199102401733,0.8430068492889404
0.012293633073568344,0.36669114232063293,0.372903048992157,0.8875746130943298
0.00414460152387619,0.06485060602426529,0.07034800201654434,0.9275721311569214
0.027094047516584396,0.3504113554954529,0.3922964632511139,1.187881350517273
0.020885851234197617,1.0173935890197754,1.0298497676849365,0.9955762624740601
0.03117566555738449,0.2885994613170624,0.2763376235961914,0.9196668267250061
0.020789869129657745,0.7435316443443298,0.744770884513855,0.7480930089950562
0.04691324383020401,0.4079999625682831,0.4083009958267212,0.9106667041778564
0.027840998023748398,0.11550378799438477,0.13863682746887207,1.030503273010254
0.04075812175869942,0.19231835007667542,0.18411867320537567,0.9725902080535889
0.0379289835691452,0.33985087275505066,0.3006758391857147,0.9301984906196594
0.07401318848133087,0.5654549598693848,0.5894663333892822,0.7932727336883545
0.012612629681825638,0.22837868332862854,0.2023860067129135,1.0147207975387573
0.01937032863497734,0.4908212423324585,0.47033071517944336,0.9870346784591675
0.06367391347885132,0.2781112790107727,0.27209359407424927,0.954168975353241
0.006387587636709213,0.38559019565582275,0.35095810890197754,0.9120546579360962
0.06621415913105011,0.10487273335456848,0.12603922188282013,0.9063401818275452
0.006417673081159592,0.3316033184528351,0.32463401556015015,0.8783704042434692
0.01597362756729126,0.05996382236480713,0.09159983694553375,0.9545823335647583
0.04703846201300621,0.3172275125980377,0.29897305369377136,0.8278636336326599
0.012975316494703293,0.5249732732772827,0.4856830835342407,0.9768208265304565
0.03123519942164421,0.4704314172267914,0.4628084897994995,0.8251863718032837
0.00722295418381691,0.1963079571723938,0.22315743565559387,0.9239223599433899
0.013028617948293686,0.21047678589820862,0.19034463167190552,0.8742285370826721
0.03394294157624245,0.4937146306037903,0.4779583513736725,0.9027758836746216
0.02276625484228134,0.08592617511749268,0.09313209354877472,1.039570927619934
0.0378713496029377,0.5023268461227417,0.46318763494491577,1.153322696685791
0.026721075177192688,0.3236488401889801,0.3598509728908539,0.8954595923423767
0.003505013883113861,0.17504027485847473,0.15641972422599792,0.9324841499328613
0.0013122372329235077,0.897493839263916,0.9085813164710999,0.7213233709335327
0.03339047729969025,0.5783214569091797,0.5759393572807312,0.9189574718475342
0.0036406107246875763,0.28769803047180176,0.26887792348861694,0.9061097502708435
0.026453319936990738,0.27704349160194397,0.2777544856071472,0.9961230158805847
0.011898834258317947,0.3306328356266022,0.34721776843070984,0.9652059674263
0.023268070071935654,1.3891637325286865,1.3917075395584106,1.1174664497375488
0.0587909072637558,0.5606046319007874,0.5845906734466553,1.0329537391662598
0.022537313401699066,0.8688240051269531,0.8954887390136719,0.8206593990325928
0.07314074039459229,0.2524140179157257,0.23197412490844727,0.8646073341369629
0.003099817782640457,0.2842138409614563,0.2642446458339691,0.8923608064651489
0.006802208721637726,0.49863201379776,0.4831969439983368,0.8588090538978577
0.02320653200149536,0.19058865308761597,0.21415531635284424,0.8603233098983765
0.010902706533670425,0.35780835151672363,0.3029983639717102,1.0170561075210571
0.015372972935438156,0.09844792634248734,0.07993317395448685,0.925998330116272
0.03925105556845665,0.35286223888397217,0.3263142704963684,0.8388422727584839
0.027944300323724747,0.09262906759977341,0.05033554881811142,0.9811717867851257
0.014305606484413147,0.4051148295402527,0.388640433549881,0.8089765310287476
-0.0020096004009246826,0.2186933010816574,0.1799832433462143,0.9346894025802612
0.05776837840676308,0.4004567265510559,0.4335212707519531,0.8037599325180054
0.02329270914196968,0.3332185745239258,0.3220127820968628,0.8360825181007385
0.06779256463050842,0.12614202499389648,0.12346743792295456,0.9218040704727173
0.02592713013291359,0.5931862592697144,0.5930286645889282,1.2161434888839722
0.03161434456706047,0.23296286165714264,0.21804702281951904,0.8988567590713501
-0.0015932321548461914,0.4183403253555298,0.40850168466567993,1.0384407043457031
0.018104765564203262,0.32630783319473267,0.314486563205719,0.8852201700210571
0.0038750246167182922,0.3922891318798065,0.34361010789871216,1.1304311752319336
0.005745481699705124,0.2683793604373932,0.24126625061035156,1.0149877071380615
0.05735452473163605,0.8215710520744324,0.7691722512245178,0.7539567947387695
0.0013150982558727264,0.07790824770927429,0.044952984899282455,0.9818315505981445
0.04477843642234802,0.35965099930763245,0.3075202703475952,0.839012622833252
0.002286560833454132,0.10418067872524261,0.0875166803598404,0.9345847368240356
-0.0052785202860832214,0.31886225938796997,0.28001269698143005,0.8418434858322144
0.008021228015422821,0.3628609776496887,0.31102973222732544,1.0446200370788574
0.08756770193576813,0.19347161054611206,0.19000962376594543,0.9523144960403442
0.02866055816411972,0.37969374656677246,0.3484475612640381,0.9519521594047546
0.011535968631505966,0.5726445913314819,0.5384101867675781,0.962034285068512
-0.005378365516662598,0.40800201892852783,0.34516188502311707,0.8867570161819458
0.04321601614356041,0.32044756412506104,0.3034951686859131,0.8799102306365967
0.01562926545739174,0.17714600265026093,0.11788840591907501,0.9808837175369263
-0.005483914166688919,0.8387225866317749,0.8042633533477783,0.9359921813011169
0.04407643526792526,0.37284690141677856,0.3272446393966675,0.822539210319519
0.055183906108140945,0.5355373620986938,0.5416285395622253,1.1225230693817139
0.01564135029911995,0.1749735027551651,0.17006658017635345,0.8938868641853333
0.025872256606817245,0.2433033138513565,0.2144489288330078,1.0780593156814575
0.03911850228905678,0.08297416567802429,0.05811217799782753,0.9277815818786621
0.024715829640626907,0.1960909515619278,0.17977581918239594,0.8731960654258728
0.028928328305482864,0.3416443169116974,0.30691850185394287,0.927280604839325
0.008226823061704636,0.38318338990211487,0.3417569696903229,1.0629587173461914
0.019430290907621384,0.4257233738899231,0.44093966484069824,0.9162362813949585
0.026148367673158646,0.2659839391708374,0.22704027593135834,0.8798993825912476
0.024128258228302002,0.42071571946144104,0.456831693649292,1.0752670764923096
0.031483445316553116,0.5297231674194336,0.5218489170074463,0.8023536205291748
-0.009237159043550491,0.3063434660434723,0.2723352611064911,0.870427131652832
-0.005867075175046921,1.6053638458251953,1.5912582874298096,1.2195113897323608
0.01156991720199585,0.14341376721858978,0.1439882069826126,0.9125064611434937
0.013761065900325775,0.17256900668144226,0.15666818618774414,0.9685943722724915
0.012089833617210388,0.5801743865013123,0.5557252168655396,0.7713340520858765
0.014150511473417282,0.39272886514663696,0.35203811526298523,0.9311020374298096
0.019357148557901382,0.2472449243068695,0.22475916147232056,0.9303996562957764
0.011080440133810043,0.1017988845705986,0.07886321097612381,0.9217920303344727
0.011970151215791702,0.12337547540664673,0.09879545867443085,0.9256170988082886
0.04511861875653267,0.8597304821014404,0.8448517918586731,0.8828736543655396
0.006743527948856354,0.1701192706823349,0.1544540673494339,1.0850837230682373
0.0016669631004333496,0.7084875106811523,0.6847071647644043,1.0481524467468262
0.015194062143564224,0.12137940526008606,0.08170682191848755,0.9488660097122192
0.003436993807554245,0.11752666532993317,0.09448055922985077,0.9920693635940552
0.007881838828325272,0.26745593547821045,0.24186648428440094,0.8635826110839844
0.01419619470834732,0.31084609031677246,0.26619580388069153,1.0462626218795776
0.0034494027495384216,0.4153628647327423,0.38156363368034363,0.8359980583190918
0.007231175899505615,0.09971663355827332,0.06525462865829468,0.9576413035392761
0.03366157412528992,0.3780995011329651,0.37560564279556274,0.8253934383392334
0.08803960680961609,0.19396860897541046,0.22291459143161774,1.0972516536712646
0.02147146686911583,0.10459312051534653,0.07436611503362656,0.9951437711715698
0.021731939166784286,0.40621018409729004,0.4026835560798645,0.9359015226364136
0.013645987957715988,0.04881507158279419,0.08880892395973206,0.9152274131774902
0.059404563158750534,0.31517839431762695,0.3355947434902191,0.8689937591552734
0.015108432620763779,0.40622401237487793,0.39731889963150024,0.9944117069244385
0.0025840215384960175,0.16494323313236237,0.1631210595369339,0.9896116256713867
0.015497833490371704,0.18536613881587982,0.16502663493156433,0.8817110657691956
0.009222600609064102,0.27417629957199097,0.258983850479126,0.8964529037475586
0.012377578765153885,0.3304673135280609,0.3082382380962372,0.9454591274261475
0.05233999714255333,0.2239280343055725,0.21896274387836456,0.8849562406539917
0.04651312157511711,0.13817620277404785,0.14093416929244995,1.035916805267334
0.045819684863090515,0.5567212104797363,0.574012279510498,0.8539872169494629
0.002217289060354233,0.432734876871109,0.40086910128593445,1.0444278717041016
0.060641080141067505,0.5119479894638062,0.5183864235877991,0.8559543490409851
0.015825316309928894,0.13842138648033142,0.15370580554008484,0.9919659495353699
0.014153797179460526,0.07885269075632095,0.07349089533090591,1.0100234746932983
0.025320328772068024,0.3136942386627197,0.2715255916118622,0.8635083436965942
-0.002676617354154587,0.20577293634414673,0.18883436918258667,1.0938787460327148
0.05538621172308922,0.20553083717823029,0.21894855797290802,0.9643126726150513
0.02776440978050232,0.10988172143697739,0.11400201171636581,0.9928529858589172
0.017504408955574036,0.17008806765079498,0.15249623358249664,1.0424890518188477
0.02940329536795616,0.30787184834480286,0.32188886404037476,0.9900007843971252
0.06313119828701019,0.2950204610824585,0.2833375036716461,0.9583126306533813
0.004346784204244614,0.2963188886642456,0.27527230978012085,0.8683481812477112
0.01101614162325859,0.9222793579101562,0.9306960105895996,1.1629397869110107
0.015152011066675186,0.3957105875015259,0.4102461338043213,0.7985518574714661
-0.006602175533771515,0.18698105216026306,0.1940855085849762,0.9305016994476318
0.011988893151283264,0.11673086881637573,0.11587542295455933,0.9512190222740173
0.00804019346833229,0.15320619940757751,0.14266692101955414,1.0491514205932617
0.01363934576511383,0.11012980341911316,0.10589149594306946,0.9252826571464539
0.020262274891138077,0.13949568569660187,0.15053041279315948,1.0819954872131348
0.061173658818006516,0.08143103122711182,0.10900261998176575,0.9363347887992859
0.008603550493717194,0.18542270362377167,0.2276047319173813,1.0879793167114258
-0.0044955722987651825,0.50599205493927,0.5548833608627319,1.0339417457580566
0.01922161877155304,0.033569347113370895,0.05339948460459709,0.936021089553833
0.016519695520401,0.0694626122713089,0.09304085373878479,1.0231335163116455
-0.001844596117734909,0.18487206101417542,0.1683308184146881,0.9459196329116821
0.015690866857767105,1.0342092514038086,1.0372599363327026,1.2038395404815674
0.030035488307476044,0.13700878620147705,0.15050527453422546,0.9625236988067627
0.014136385172605515,0.34730398654937744,0.3547678589820862,1.0746386051177979
0.01044398546218872,0.30755898356437683,0.3202027678489685,0.9884822368621826
-0.0018678084015846252,0.15586738288402557,0.16279645264148712,1.0687732696533203
0.00844375416636467,0.37453263998031616,0.35600996017456055,0.8613009452819824
0.03235369920730591,0.07967297732830048,0.0744057446718216,1.0296638011932373
0.04715011268854141,0.2986173927783966,0.3210122883319855,0.8269158601760864
-0.008460462093353271,0.05592498183250427,0.045372068881988525,1.024545669555664
8.668377995491028e-05,0.10674413293600082,0.11302795261144638,0.995711088180542
0.028609786182641983,0.059220120310783386,0.09760873019695282,1.0442538261413574
0.010109290480613708,0.5641481280326843,0.5414037704467773,0.8553287386894226
0.0012504942715168,0.17506030201911926,0.15579697489738464,0.9567773938179016
0.0016471892595291138,0.3118131458759308,0.29672104120254517,0.8512938618659973
-0.00812419131398201,0.25869667530059814,0.21518346667289734,1.0169286727905273
0.04327451065182686,0.2210974097251892,0.24017253518104553,0.9018415808677673
-0.003603089600801468,0.2523825168609619,0.2355889230966568,1.0972867012023926
0.0023512616753578186,0.09981860220432281,0.10602788627147675,0.9300895929336548
0.031347740441560745,0.29855796694755554,0.2911309599876404,0.8390450477600098
0.006896425038576126,0.26131707429885864,0.28028297424316406,0.8711147308349609
0.03301168605685234,0.9980059266090393,1.0144621133804321,1.0399425029754639
-0.008376490324735641,0.24186179041862488,0.2760469317436218,0.84769207239151
0.01896519958972931,0.1359180361032486,0.132018581032753,1.0013759136199951
0.006246693432331085,0.7681035399436951,0.7658698558807373,0.7657691240310669
0.0016039833426475525,0.4230574071407318,0.3956793248653412,0.9813440442085266
-0.005004633218050003,0.2696542739868164,0.27819597721099854,0.9162817001342773
0.019507024437189102,0.0730261355638504,0.06868986785411835,1.0597974061965942
0.02442174032330513,0.7227678298950195,0.7048500776290894,0.7593796253204346
-0.004201877862215042,0.24376347661018372,0.2352312207221985,0.9991087913513184
0.0004021376371383667,0.5036484599113464,0.4808294177055359,0.9218246340751648
0.01315372809767723,0.1537443995475769,0.15894269943237305,0.9797978401184082
-0.002162247896194458,0.4096209704875946,0.40339237451553345,0.8178739547729492
-0.0015770494937896729,0.1911168098449707,0.17608553171157837,0.8741475343704224
0.02056198939681053,0.3644774854183197,0.34944114089012146,0.8765804767608643
0.007930301129817963,0.34317106008529663,0.3333473205566406,1.012540340423584
0.0027294419705867767,0.31043678522109985,0.3008996248245239,0.9448063373565674
0.0008117072284221649,0.257965624332428,0.2814805209636688,0.9774419069290161
0.027466431260108948,0.33298563957214355,0.3049224019050598,0.9520655870437622
0.006828665733337402,0.10960743576288223,0.11179379373788834,0.9791275858879089
0.027136020362377167,0.5353917479515076,0.5067108869552612,1.0668598413467407
-0.013638246804475784,0.14404021203517914,0.1356767863035202,0.9644820094108582
-0.009686943143606186,0.6276143193244934,0.6094520092010498,1.0438278913497925
0.012130551040172577,0.40915513038635254,0.400563508272171,0.8922807574272156
0.03291630372405052,0.32483670115470886,0.3181898295879364,0.8339650630950928
0.00036905333399772644,1.0820658206939697,1.0737773180007935,1.079787254333496
0.0077608488500118256,0.159955695271492,0.15330256521701813,0.9799739122390747
0.0014684312045574188,0.04682675749063492,0.05107036978006363,0.9355245232582092
0.02172761783003807,0.35178643465042114,0.3488183617591858,1.0403754711151123
0.043150242418050766,0.5661798119544983,0.5988709926605225,0.9317183494567871
0.03638036176562309,0.3161585330963135,0.3293939232826233,0.8844882249832153
0.026265189051628113,0.09173750132322311,0.10540001839399338,0.956220805644989
0.02284051477909088,0.4517398774623871,0.47942325472831726,0.8378955721855164
0.007279146462678909,0.018378913402557373,0.023065924644470215,0.9770182371139526
0.009685110300779343,0.2863190472126007,0.2949345111846924,1.1492035388946533
